{
    "T": 873.7919517450838,
    "Ms": 627520.1261897753,
    "A": 1.978843095308796e-12,
    "K1": 471271.3964287283,
    "Hc": 835435.5444846388,
    "Mr": 626326.1258626817,
    "BHmax": 123148.12206280994
}