{
    "T": 368.7546590900995,
    "Ms": 1027486.5858559458,
    "A": 4.9068996943915105e-12,
    "K1": 1948969.692696909,
    "Hc": 2254116.6307207975,
    "Mr": 1026607.3220648519,
    "BHmax": 139678.59126018645
}