{
    "T": 739.3624207073786,
    "Ms": 765654.7554041512,
    "A": 2.9459271956865768e-12,
    "K1": 856026.1977564829,
    "Hc": 1286396.0288101293,
    "Mr": 764645.3359984907,
    "BHmax": 183574.09697097624
}