{
    "T": 860.4275378768989,
    "Ms": 636743.9001986284,
    "A": 1.8844492473001823e-12,
    "K1": 463842.97472856333,
    "Hc": 662766.1844807114,
    "Mr": 635417.6617909023,
    "BHmax": 52603.15036028573
}