{
    "T": 430.21376893844945,
    "Ms": 992563.6983612131,
    "A": 4.579010440136736e-12,
    "K1": 1756919.1063842045,
    "Hc": 1988985.0673536872,
    "Mr": 991657.2932357865,
    "BHmax": 131907.70026037568
}