{
    "T": 614.5910984834992,
    "Ms": 868127.6824442607,
    "A": 3.5028542638820377e-12,
    "K1": 1175512.9517905829,
    "Hc": 1458471.2649480521,
    "Mr": 867108.9957657388,
    "BHmax": 104208.4521486009
}