{
    "T": 806.5771862262312,
    "Ms": 701984.7619587523,
    "A": 2.4763464908582923e-12,
    "K1": 659737.4814576841,
    "Hc": 1074171.525905541,
    "Mr": 700898.0472530067,
    "BHmax": 154119.86298068805
}