{
    "T": 336.073827594263,
    "Ms": 1030713.3690599704,
    "A": 5.3386550399239354e-12,
    "K1": 2088342.9997691815,
    "Hc": 2480065.7077955324,
    "Mr": 1029933.5787209184,
    "BHmax": 333002.10460213514
}