{
    "T": 67.2147655188526,
    "Ms": 1128119.712119629,
    "A": 6.395380921803245e-12,
    "K1": 2738127.49991115,
    "Hc": 3010589.3555909116,
    "Mr": 1127399.8450274777,
    "BHmax": 399250.05083633214
}