{
    "T": 307.2955492417496,
    "Ms": 1059307.0692788055,
    "A": 5.21553182693796e-12,
    "K1": 2135709.6754064653,
    "Hc": 2519143.05508541,
    "Mr": 1058451.1407140142,
    "BHmax": 146758.33847937026
}