{
    "T": 403.2885931131156,
    "Ms": 996687.2240956313,
    "A": 4.9919913476022574e-12,
    "K1": 1888272.9742099356,
    "Hc": 2294391.093040392,
    "Mr": 995884.0489871637,
    "BHmax": 311466.15477457724
}