{
    "T": 737.509318180199,
    "Ms": 765132.4450971023,
    "A": 2.720997205063765e-12,
    "K1": 804797.2036867127,
    "Hc": 1193020.4736153462,
    "Mr": 763996.8868602273,
    "BHmax": 81262.22222062937
}