{
    "T": 672.147655188526,
    "Ms": 821780.2245110985,
    "A": 3.3936528410572844e-12,
    "K1": 1058412.9906570923,
    "Hc": 1498609.7326065933,
    "Mr": 820830.2273352841,
    "BHmax": 211581.82003231993
}