{
    "T": 201.6442965565578,
    "Ms": 1087898.0042030357,
    "A": 5.9474719338929814e-12,
    "K1": 2455571.834654598,
    "Hc": 2771861.6949232537,
    "Mr": 1087154.5587170944,
    "BHmax": 371227.40653463034
}