{
    "T": 0.0,
    "Ms": 1137905.174136937,
    "A": 6.506810901632012e-12,
    "K1": 2810000.0,
    "Hc": 3063643.7827943503,
    "Mr": 1137190.8166266978,
    "BHmax": 406204.20720865455
}