{
    "T": 1008.2214827827889,
    "Ms": 402215.7462994811,
    "A": 8.129693617460955e-13,
    "K1": 124098.15064599276,
    "Hc": 304893.9879359873,
    "Mr": 400505.2702901994,
    "BHmax": 50060.306941612886
}