{
    "T": 537.7181241508208,
    "Ms": 917660.9345033657,
    "A": 4.231755126144764e-12,
    "K1": 1473787.3852975953,
    "Hc": 1923020.760264819,
    "Mr": 916797.5481771047,
    "BHmax": 263941.662146496
}