{
    "T": 553.1319886351492,
    "Ms": 913112.4613016718,
    "A": 3.87528277682544e-12,
    "K1": 1367884.4497582724,
    "Hc": 1723614.679257341,
    "Mr": 912137.4866639713,
    "BHmax": 114224.2099438781
}