{
    "T": 184.37732954504975,
    "Ms": 1113222.9637427991,
    "A": 5.7599560778508555e-12,
    "K1": 2478694.8979437156,
    "Hc": 2784454.373053616,
    "Mr": 1112403.8367885193,
    "BHmax": 158752.60740177185
}