{
    "T": 268.8590620754104,
    "Ms": 1061166.9263958244,
    "A": 5.658788376444711e-12,
    "K1": 2278973.2136731795,
    "Hc": 2639223.8733093673,
    "Mr": 1060406.92743363,
    "BHmax": 353103.2474894348
}