{
    "T": 470.50335863196824,
    "Ms": 959064.5049801612,
    "A": 4.622231333819668e-12,
    "K1": 1682408.9011413576,
    "Hc": 2108708.9985156944,
    "Mr": 958233.7621109451,
    "BHmax": 288406.1114925613
}