{
    "T": 604.9328896696734,
    "Ms": 872107.3087265161,
    "A": 3.82204585750582e-12,
    "K1": 1265021.4270567638,
    "Hc": 1710817.8750136814,
    "Mr": 871204.8619147907,
    "BHmax": 238190.3358155711
}