{
    "T": 983.3457575735987,
    "Ms": 450529.5951610587,
    "A": 9.43412244684836e-13,
    "K1": 164303.41048547943,
    "Hc": 397155.2421432249,
    "Mr": 448769.89691406884,
    "BHmax": 10481.809826296587
}