{
    "T": 941.0067172639365,
    "Ms": 535111.2770491579,
    "A": 1.4389451780786227e-12,
    "K1": 292227.04989404493,
    "Hc": 596670.6108145864,
    "Mr": 533749.5942590322,
    "BHmax": 89303.15537067989
}