{
    "T": 921.8866477252487,
    "Ms": 555645.4346586034,
    "A": 1.4349949069110943e-12,
    "K1": 308226.4147929524,
    "Hc": 662150.7576490559,
    "Mr": 554160.6593878012,
    "BHmax": 34420.72292866897
}