{
    "T": 134.4295310377052,
    "Ms": 1110509.9926343546,
    "A": 6.197278063690219e-12,
    "K1": 2611893.8072163532,
    "Hc": 2904488.806529653,
    "Mr": 1109779.991178893,
    "BHmax": 386870.1429312713
}