{
    "T": 245.83643939339967,
    "Ms": 1087956.1333810776,
    "A": 5.501455806437088e-12,
    "K1": 2313719.773147363,
    "Hc": 2519429.119541328,
    "Mr": 1087120.1669701831,
    "BHmax": 153131.89819540142
}